사용월,호선명,역ID,지하철역,유임승차,유임하차,무임승차,무임하차,작업일시,
Jun-22,1호선,150,서울역,"1,150,754","1,123,193","194,717","187,155",2022-07-03 9:48,"2,655,819"
Jun-22,1호선,151,시청,"537,067","543,569","80,671","78,279",2022-07-03 9:48,"1,239,586"
Jun-22,1호선,152,종각,"834,173","815,704","131,987","121,717",2022-07-03 9:48,"1,903,581"
Jun-22,1호선,153,종로3가,"450,317","404,106","299,617","278,151",2022-07-03 9:48,"1,432,191"
Jun-22,1호선,154,종로5가,"394,420","404,105","254,236","244,555",2022-07-03 9:48,"1,297,316"
Jun-22,1호선,155,동대문,"212,719","198,987","117,499","118,515",2022-07-03 9:48,"647,720"
Jun-22,1호선,156,신설동,"264,825","252,339","112,362","106,855",2022-07-03 9:48,"736,381"
Jun-22,1호선,157,제기동,"218,782","209,109","263,173","281,985",2022-07-03 9:48,"973,049"
Jun-22,1호선,158,청량리(서울시립대입구),"328,288","325,365","246,164","249,818",2022-07-03 9:48,"1,149,635"
Jun-22,1호선,159,동묘앞,"122,460","131,299","146,455","147,539",2022-07-03 9:48,"547,753"
Jun-22,2호선,201,시청,"545,554","526,572","51,342","46,078",2022-07-03 9:48,"1,169,546"
Jun-22,2호선,202,을지로입구,"971,745","1,007,534","92,660","87,142",2022-07-03 9:48,"2,159,081"
Jun-22,2호선,203,을지로3가,"536,508","541,688","72,308","71,915",2022-07-03 9:48,"1,222,419"
Jun-22,2호선,204,을지로4가,"265,268","268,802","76,535","74,937",2022-07-03 9:48,"685,542"
Jun-22,2호선,205,동대문역사문화공원(DDP),"306,073","352,795","53,494","59,289",2022-07-03 9:48,"771,651"
Jun-22,2호선,206,신당,"304,039","315,924","91,391","92,351",2022-07-03 9:48,"803,705"
Jun-22,2호선,207,상왕십리,"330,852","315,918","63,503","64,289",2022-07-03 9:48,"774,562"
Jun-22,2호선,208,왕십리(성동구청),"414,937","347,476","50,943","43,164",2022-07-03 9:48,"856,520"
Jun-22,2호선,209,한양대,"269,240","295,829","12,481","13,227",2022-07-03 9:48,"590,777"
Jun-22,2호선,210,뚝섬,"551,569","592,153","57,844","58,509",2022-07-03 9:48,"1,260,075"
Jun-22,2호선,211,성수,"872,922","970,271","98,360","100,417",2022-07-03 9:48,"2,041,970"
Jun-22,2호선,212,건대입구,"942,052","1,023,160","87,332","91,534",2022-07-03 9:48,"2,144,078"
Jun-22,2호선,213,구의(광진구청),"546,203","530,279","98,118","99,292",2022-07-03 9:48,"1,273,892"
Jun-22,2호선,214,강변(동서울터미널),"816,158","778,010","118,974","115,032",2022-07-03 9:48,"1,828,174"
Jun-22,2호선,215,잠실나루,"309,228","300,158","81,339","81,143",2022-07-03 9:48,"771,868"
Jun-22,2호선,216,잠실(송파구청),"1,862,829","1,830,324","193,944","183,893",2022-07-03 9:48,"4,070,990"
Jun-22,2호선,217,잠실새내,"507,827","512,488","101,903","101,681",2022-07-03 9:48,"1,223,899"
Jun-22,2호선,218,종합운동장,"342,239","380,148","51,889","53,791",2022-07-03 9:48,"828,067"
Jun-22,2호선,219,삼성(무역센터),"1,336,734","1,358,393","112,903","105,588",2022-07-03 9:48,"2,913,618"
Jun-22,2호선,220,선릉,"1,245,231","1,103,735","201,887","177,819",2022-07-03 9:48,"2,728,672"
Jun-22,2호선,221,역삼,"1,160,459","1,322,033","147,014","150,062",2022-07-03 9:48,"2,779,568"
Jun-22,2호선,222,강남,"2,055,521","2,039,847","154,473","136,085",2022-07-03 9:48,"4,385,926"
Jun-22,2호선,223,교대(법원.검찰청),"740,847","840,069","149,570","170,124",2022-07-03 9:48,"1,900,610"
Jun-22,2호선,224,서초,"505,375","477,695","80,348","80,634",2022-07-03 9:48,"1,144,052"
Jun-22,2호선,225,방배,"398,332","416,958","72,021","71,264",2022-07-03 9:48,"958,575"
Jun-22,2호선,226,사당,"914,750","1,035,094","201,919","195,837",2022-07-03 9:48,"2,347,600"
Jun-22,2호선,227,낙성대(강감찬),"671,953","639,987","104,158","105,505",2022-07-03 9:48,"1,521,603"
Jun-22,2호선,228,서울대입구(관악구청),"1,135,276","1,113,916","173,256","165,685",2022-07-03 9:48,"2,588,133"
Jun-22,2호선,229,봉천,"524,535","472,265","142,143","141,467",2022-07-03 9:48,"1,280,410"
Jun-22,2호선,230,신림,"1,465,285","1,400,575","205,673","205,118",2022-07-03 9:48,"3,276,651"
Jun-22,2호선,231,신대방,"607,134","580,534","119,656","121,011",2022-07-03 9:48,"1,428,335"
Jun-22,2호선,232,구로디지털단지,"1,410,353","1,402,401","163,090","164,424",2022-07-03 9:48,"3,140,268"
Jun-22,2호선,233,대림(구로구청),"564,097","574,663","118,611","122,173",2022-07-03 9:48,"1,379,544"
Jun-22,2호선,234,신도림,"1,172,265","1,189,184","195,346","185,455",2022-07-03 9:48,"2,742,250"
Jun-22,2호선,235,문래,"494,418","516,423","89,485","88,440",2022-07-03 9:48,"1,188,766"
Jun-22,2호선,236,영등포구청,"482,961","505,867","94,537","94,163",2022-07-03 9:48,"1,177,528"
Jun-22,2호선,237,당산,"448,819","522,271","57,315","62,719",2022-07-03 9:48,"1,091,124"
Jun-22,2호선,238,합정,"832,274","910,324","66,386","67,132",2022-07-03 9:48,"1,876,116"
Jun-22,2호선,239,홍대입구,"1,638,384","1,774,322","92,453","89,416",2022-07-03 9:48,"3,594,575"
Jun-22,2호선,240,신촌,"863,076","881,171","116,980","114,549",2022-07-03 9:48,"1,975,776"
Jun-22,2호선,241,이대,"336,055","357,608","46,177","47,981",2022-07-03 9:48,"787,821"
Jun-22,2호선,242,아현,"231,607","215,140","61,419","61,058",2022-07-03 9:48,"569,224"
Jun-22,2호선,243,충정로(경기대입구),"217,199","233,674","44,741","44,894",2022-07-03 9:48,"540,508"
Jun-22,2호선,244,용답,"64,332","63,420","16,494","16,276",2022-07-03 9:48,"160,522"
Jun-22,2호선,245,신답,"36,676","40,739","9,242","9,855",2022-07-03 9:48,"96,512"
Jun-22,2호선,246,신설동,"71,771","68,036","31,627","33,092",2022-07-03 9:48,"204,526"
Jun-22,2호선,247,도림천,"28,226","28,769","7,935","8,593",2022-07-03 9:48,"73,523"
Jun-22,2호선,248,양천구청,"144,813","148,158","47,395","47,693",2022-07-03 9:48,"388,059"
Jun-22,2호선,249,신정네거리,"221,497","223,866","68,371","69,329",2022-07-03 9:48,"583,063"
Jun-22,2호선,250,용두(동대문구청),"43,001","41,838","21,471","22,751",2022-07-03 9:48,"129,061"
Jun-22,3호선,309,지축,"117,337","107,140","27,101","25,854",2022-07-03 9:48,"277,432"
Jun-22,3호선,310,구파발,"474,141","464,937","114,807","110,444",2022-07-03 9:48,"1,164,329"
Jun-22,3호선,311,연신내,"775,829","725,306","247,292","238,486",2022-07-03 9:48,"1,986,913"
Jun-22,3호선,312,불광,"326,645","348,085","133,400","147,029",2022-07-03 9:48,"955,159"
Jun-22,3호선,313,녹번,"355,050","307,789","74,253","72,457",2022-07-03 9:48,"809,549"
Jun-22,3호선,314,홍제,"361,178","333,046","134,172","131,609",2022-07-03 9:48,"960,005"
Jun-22,3호선,315,무악재,"81,059","79,548","28,374","30,478",2022-07-03 9:48,"219,459"
Jun-22,3호선,316,독립문,"139,771","148,555","65,896","65,950",2022-07-03 9:48,"420,172"
Jun-22,3호선,317,경복궁(정부서울청사),"586,455","623,760","134,033","147,911",2022-07-03 9:48,"1,492,159"
Jun-22,3호선,318,안국,"559,332","574,134","101,617","100,186",2022-07-03 9:48,"1,335,269"
Jun-22,3호선,319,종로3가,"212,909","261,537","56,270","64,194",2022-07-03 9:48,"594,910"
Jun-22,3호선,320,을지로3가,"232,819","242,625","47,163","44,552",2022-07-03 9:48,"567,159"
Jun-22,3호선,322,동대입구,"211,948","232,136","36,892","40,676",2022-07-03 9:48,"521,652"
Jun-22,3호선,323,약수,"284,339","276,533","77,276","73,517",2022-07-03 9:48,"711,665"
Jun-22,3호선,324,금호,"170,865","153,698","51,966","50,607",2022-07-03 9:48,"427,136"
Jun-22,3호선,325,옥수,"197,965","203,869","57,656","57,476",2022-07-03 9:48,"516,966"
Jun-22,3호선,326,압구정,"752,696","820,242","129,622","127,143",2022-07-03 9:48,"1,829,703"
Jun-22,3호선,327,신사,"722,069","771,661","67,483","66,759",2022-07-03 9:48,"1,627,972"
Jun-22,3호선,328,잠원,"104,623","101,231","29,642","28,323",2022-07-03 9:48,"263,819"
Jun-22,3호선,329,고속터미널,"1,179,733","1,153,461","186,879","179,024",2022-07-03 9:48,"2,699,097"
Jun-22,3호선,330,교대(법원.검찰청),"314,586","205,325","69,311","41,079",2022-07-03 9:48,"630,301"
Jun-22,3호선,331,남부터미널(예술의전당),"693,612","705,728","115,775","117,499",2022-07-03 9:48,"1,632,614"
Jun-22,3호선,332,양재(서초구청),"847,047","940,289","145,757","147,282",2022-07-03 9:48,"2,080,375"
Jun-22,3호선,333,매봉,"267,613","261,414","61,710","57,457",2022-07-03 9:48,"648,194"
Jun-22,3호선,334,도곡,"120,504","123,751","24,904","23,644",2022-07-03 9:48,"292,803"
Jun-22,3호선,335,대치,"251,989","250,448","61,658","59,055",2022-07-03 9:48,"623,150"
Jun-22,3호선,336,학여울,"47,144","49,761","17,182","17,046",2022-07-03 9:48,"131,133"
Jun-22,3호선,337,대청,"222,629","203,491","57,431","54,844",2022-07-03 9:48,"538,395"
Jun-22,3호선,338,일원,"219,247","208,840","61,639","61,306",2022-07-03 9:48,"551,032"
Jun-22,3호선,339,수서,"391,969","400,179","103,893","102,441",2022-07-03 9:48,"998,482"
Jun-22,3호선,340,가락시장,"172,572","169,418","72,459","70,779",2022-07-03 9:48,"485,228"
Jun-22,3호선,341,경찰병원,"153,556","151,481","40,141","41,318",2022-07-03 9:48,"386,496"
Jun-22,3호선,342,오금,"140,304","124,799","28,590","27,540",2022-07-03 9:48,"321,233"
Jun-22,4호선,409,당고개,"185,032","159,967","71,628","70,225",2022-07-03 9:48,"486,852"
Jun-22,4호선,410,상계,"420,916","382,856","114,903","112,864",2022-07-03 9:48,"1,031,539"
Jun-22,4호선,411,노원,"443,802","514,089","87,974","87,341",2022-07-03 9:48,"1,133,206"
Jun-22,4호선,412,창동,"528,336","561,575","189,874","196,177",2022-07-03 9:48,"1,475,962"
Jun-22,4호선,413,쌍문,"647,212","580,526","155,891","152,936",2022-07-03 9:48,"1,536,565"
Jun-22,4호선,414,수유(강북구청),"764,990","759,495","182,152","182,233",2022-07-03 9:48,"1,888,870"
Jun-22,4호선,415,미아(서울사이버대학),"313,670","293,762","104,151","105,705",2022-07-03 9:48,"817,288"
Jun-22,4호선,416,미아사거리,"593,716","569,425","173,002","171,370",2022-07-03 9:48,"1,507,513"
Jun-22,4호선,417,길음,"476,837","462,088","111,881","111,794",2022-07-03 9:48,"1,162,600"
Jun-22,4호선,418,성신여대입구(돈암),"495,473","472,971","81,266","79,247",2022-07-03 9:48,"1,128,957"
Jun-22,4호선,419,한성대입구(삼선교),"319,799","311,741","69,258","68,091",2022-07-03 9:48,"768,889"
Jun-22,4호선,420,혜화,"817,581","836,904","122,769","121,059",2022-07-03 9:48,"1,898,313"
Jun-22,4호선,421,동대문,"391,037","408,377","152,475","147,019",2022-07-03 9:48,"1,098,908"
Jun-22,4호선,422,동대문역사문화공원(DDP),"374,139","337,572","55,941","49,194",2022-07-03 9:48,"816,846"
Jun-22,4호선,423,충무로,"589,784","628,053","110,245","113,038",2022-07-03 9:48,"1,441,120"
Jun-22,4호선,424,명동,"519,995","547,338","61,160","62,746",2022-07-03 9:48,"1,191,239"
Jun-22,4호선,425,회현(남대문시장),"490,517","523,086","191,008","191,242",2022-07-03 9:48,"1,395,853"
Jun-22,4호선,426,서울역,"271,007","478,174","37,113","49,378",2022-07-03 9:48,"835,672"
Jun-22,4호선,427,숙대입구(갈월),"332,220","321,641","51,125","47,440",2022-07-03 9:48,"752,426"
Jun-22,4호선,428,삼각지,"129,409","156,858","25,768","27,922",2022-07-03 9:48,"339,957"
Jun-22,4호선,429,신용산,"431,844","459,149","53,014","54,863",2022-07-03 9:48,"998,870"
Jun-22,4호선,430,이촌(국립중앙박물관),"212,983","234,064","53,335","53,817",2022-07-03 9:48,"554,199"
Jun-22,4호선,431,동작(현충원),"33,839","38,104","18,500","17,583",2022-07-03 9:48,"108,026"
Jun-22,4호선,432,총신대입구(이수),"387,761","425,401","143,963","150,729",2022-07-03 9:48,"1,107,854"
Jun-22,4호선,433,사당,"656,363","556,300","95,350","95,871",2022-07-03 9:48,"1,403,884"
Jun-22,4호선,434,남태령,"29,845","24,318","8,678","7,991",2022-07-03 9:48,"70,832"
Jun-22,경부선,1001,서울역,"235,060","67,722","14,909","3,092",2022-07-03 9:48,"320,783"
Jun-22,경부선,1002,남영,"224,183","235,565","35,021","36,554",2022-07-03 9:48,"531,323"
Jun-22,경부선,1003,용산,"1,023,817","1,042,657","129,074","127,975",2022-07-03 9:48,"2,323,523"
Jun-22,경부선,1004,노량진,"203,504","197,826","37,937","35,312",2022-07-03 9:48,"474,579"
Jun-22,경부선,1005,대방,"255,159","276,392","60,442","61,740",2022-07-03 9:48,"653,733"
Jun-22,경부선,1006,영등포,"944,604","984,425","246,762","246,804",2022-07-03 9:48,"2,422,595"
Jun-22,경부선,1007,신도림,"91,959","92,336","26,143","30,136",2022-07-03 9:48,"240,574"
Jun-22,경부선,1032,신길,"207,354","177,347","43,859","41,149",2022-07-03 9:48,"469,709"
Jun-22,경부선,1701,구로,"420,841","440,234","95,661","93,044",2022-07-03 9:48,"1,049,780"
Jun-22,경부선,1702,가산디지털단지,"421,199","494,689","34,634","38,733",2022-07-03 9:48,"989,255"
Jun-22,경부선,1703,금천구청,"251,333","249,664","78,218","79,137",2022-07-03 9:48,"658,352"
Jun-22,경부선,1704,석수,"221,400","197,058","48,751","46,223",2022-07-03 9:48,"513,432"
Jun-22,경부선,1705,관악,"166,021","154,442","52,864","50,812",2022-07-03 9:48,"424,139"
Jun-22,경부선,1706,안양,"586,015","573,630","113,933","117,495",2022-07-03 9:48,"1,391,073"
Jun-22,경부선,1707,명학,"212,157","207,255","42,013","41,331",2022-07-03 9:48,"502,756"
Jun-22,경부선,1708,금정,"642,542","647,579","116,591","117,060",2022-07-03 9:48,"1,523,772"
Jun-22,경부선,1709,군포,"166,721","162,307","34,973","33,849",2022-07-03 9:48,"397,850"
Jun-22,경부선,1710,의왕,"210,824","208,521","42,393","41,988",2022-07-03 9:48,"503,726"
Jun-22,경부선,1711,성균관대,"360,504","355,445","51,290","51,449",2022-07-03 9:48,"818,688"
Jun-22,경부선,1712,화서,"190,300","182,441","43,877","42,758",2022-07-03 9:48,"459,376"
Jun-22,경부선,1713,수원,"974,020","1,032,149","145,395","147,537",2022-07-03 9:48,"2,299,101"
Jun-22,경부선,1714,독산,"419,070","429,336","63,923","65,008",2022-07-03 9:48,"977,337"
Jun-22,경부선,1715,세류,"76,036","69,798","15,913","15,297",2022-07-03 9:48,"177,044"
Jun-22,경부선,1716,병점,"378,994","378,938","66,479","65,989",2022-07-03 9:48,"890,400"
Jun-22,경부선,1717,세마,"69,549","65,396","15,379","14,413",2022-07-03 9:48,"164,737"
Jun-22,경부선,1718,오산대,"92,948","85,369","18,868","17,732",2022-07-03 9:48,"214,917"
Jun-22,경부선,1719,오산,"257,300","253,574","46,339","47,386",2022-07-03 9:48,"604,599"
Jun-22,경부선,1720,진위,"40,620","35,486","9,524","9,155",2022-07-03 9:48,"94,785"
Jun-22,경부선,1721,송탄,"116,835","113,679","20,712","19,965",2022-07-03 9:48,"271,191"
Jun-22,경부선,1722,서정리,"188,107","179,431","32,869","32,181",2022-07-03 9:48,"432,588"
Jun-22,경부선,1723,평택지제,"102,104","97,071","12,053","11,520",2022-07-03 9:48,"222,748"
Jun-22,경부선,1724,평택,"333,031","333,912","64,196","63,196",2022-07-03 9:48,"794,335"
Jun-22,경부선,1725,성환,"113,930","110,390","19,930","19,675",2022-07-03 9:48,"263,925"
Jun-22,경부선,1726,직산,"20,834","20,649","4,905","4,724",2022-07-03 9:48,"51,112"
Jun-22,경부선,1727,두정,"175,524","183,247","22,748","23,257",2022-07-03 9:48,"404,776"
Jun-22,경부선,1728,천안,"147,262","143,863","52,425","53,044",2022-07-03 9:48,"396,594"
Jun-22,경부선,1729,당정,"153,060","143,454","31,276","29,962",2022-07-03 9:48,"357,752"
Jun-22,경부선,1749,서동탄,"33,295","29,875","7,988","7,495",2022-07-03 9:48,"78,653"
Jun-22,경부선,1750,광명,"97,908","82,818","10,225","9,431",2022-07-03 9:48,"200,382"
Jun-22,경인선,1801,개봉,"457,676","435,501","149,544","155,119",2022-07-03 9:48,"1,197,840"
Jun-22,경인선,1802,오류동,"249,418","222,859","88,755","87,082",2022-07-03 9:48,"648,114"
Jun-22,경인선,1803,역곡,"631,034","612,543","149,901","153,551",2022-07-03 9:48,"1,547,029"
Jun-22,경인선,1804,부천,"741,514","743,804","201,197","204,114",2022-07-03 9:48,"1,890,629"
Jun-22,경인선,1805,송내,"641,303","636,043","120,045","118,797",2022-07-03 9:48,"1,516,188"
Jun-22,경인선,1806,부평,"728,427","790,302","134,819","136,719",2022-07-03 9:48,"1,790,267"
Jun-22,경인선,1807,백운,"143,639","138,696","55,456","56,023",2022-07-03 9:48,"393,814"
Jun-22,경인선,1808,동암,"350,663","348,331","94,536","95,065",2022-07-03 9:48,"888,595"
Jun-22,경인선,1809,주안,"466,677","420,544","87,485","78,379",2022-07-03 9:48,"1,053,085"
Jun-22,경인선,1810,제물포,"242,676","227,750","62,255","61,620",2022-07-03 9:48,"594,301"
Jun-22,경인선,1811,동인천,"289,894","276,525","116,517","113,390",2022-07-03 9:48,"796,326"
Jun-22,경인선,1812,인천,"84,884","63,488","43,483","38,887",2022-07-03 9:48,"230,742"
Jun-22,경인선,1813,구일,"191,470","199,637","43,722","42,717",2022-07-03 9:48,"477,546"
Jun-22,경인선,1814,소사,"193,624","185,222","62,039","61,416",2022-07-03 9:48,"502,301"
Jun-22,경인선,1815,부개,"185,658","167,756","63,547","62,335",2022-07-03 9:48,"479,296"
Jun-22,경인선,1816,간석,"126,183","117,198","42,674","41,248",2022-07-03 9:48,"327,303"
Jun-22,경인선,1817,도원,"67,240","64,896","29,243","30,408",2022-07-03 9:48,"191,787"
Jun-22,경인선,1821,온수(성공회대입구),"150,450","138,642","48,145","46,854",2022-07-03 9:48,"384,091"
Jun-22,경인선,1822,중동,"198,106","180,859","68,016","66,653",2022-07-03 9:48,"513,634"
Jun-22,경인선,1823,도화,"84,207","75,738","37,986","36,708",2022-07-03 9:48,"234,639"
Jun-22,경원선,1008,이촌(국립중앙박물관),"86,527","62,851","27,848","23,496",2022-07-03 9:48,"200,722"
Jun-22,경원선,1009,서빙고,"45,828","42,826","16,398","15,511",2022-07-03 9:48,"120,563"
Jun-22,경원선,1010,한남,"86,402","83,588","28,027","25,953",2022-07-03 9:48,"223,970"
Jun-22,경원선,1012,응봉,"38,761","31,925","17,183","15,392",2022-07-03 9:48,"103,261"
Jun-22,경원선,1013,왕십리(성동구청),"366,803","402,621","62,150","66,965",2022-07-03 9:48,"898,539"
Jun-22,경원선,1014,청량리(서울시립대입구),"349,145","352,383","144,457","149,874",2022-07-03 9:48,"995,859"
Jun-22,경원선,1016,외대앞,"185,523","179,701","40,841","42,590",2022-07-03 9:48,"448,655"
Jun-22,경원선,1017,신이문,"170,852","153,478","66,380","64,352",2022-07-03 9:48,"455,062"
Jun-22,경원선,1018,석계,"173,524","195,005","60,384","64,502",2022-07-03 9:48,"493,415"
Jun-22,경원선,1019,광운대,"175,744","171,071","48,135","47,801",2022-07-03 9:48,"442,751"
Jun-22,경원선,1020,월계,"149,173","135,550","58,590","56,054",2022-07-03 9:48,"399,367"
Jun-22,경원선,1021,녹천,"96,121","77,216","36,985","32,924",2022-07-03 9:48,"243,246"
Jun-22,경원선,1901,방학,"180,113","174,237","102,780","101,842",2022-07-03 9:48,"558,972"
Jun-22,경원선,1902,도봉,"103,107","95,198","68,248","67,220",2022-07-03 9:48,"333,773"
Jun-22,경원선,1903,도봉산,"133,936","76,123","110,530","88,698",2022-07-03 9:48,"409,287"
Jun-22,경원선,1904,망월사,"174,345","174,961","66,540","67,986",2022-07-03 9:48,"483,832"
Jun-22,경원선,1905,회룡,"222,825","219,069","142,728","141,480",2022-07-03 9:48,"726,102"
Jun-22,경원선,1906,의정부,"441,656","462,415","106,221","108,530",2022-07-03 9:48,"1,118,822"
Jun-22,경원선,1907,가능,"139,026","131,155","55,693","54,568",2022-07-03 9:48,"380,442"
Jun-22,경원선,1908,녹양,"96,290","89,936","36,892","35,340",2022-07-03 9:48,"258,458"
Jun-22,경원선,1909,양주,"172,983","160,659","55,633","54,269",2022-07-03 9:48,"443,544"
Jun-22,경원선,1910,덕계,"74,254","65,746","22,684","21,363",2022-07-03 9:48,"184,047"
Jun-22,경원선,1911,덕정,"138,429","131,619","33,770","33,739",2022-07-03 9:48,"337,557"
Jun-22,경원선,1912,지행,"154,478","154,152","44,497","43,898",2022-07-03 9:48,"397,025"
Jun-22,경원선,1913,동두천중앙,"59,098","56,324","34,862","34,569",2022-07-03 9:48,"184,853"
Jun-22,경원선,1914,보산,"38,768","35,071","13,085","12,436",2022-07-03 9:48,"99,360"
Jun-22,경원선,1915,동두천,"46,743","50,548","23,682","28,407",2022-07-03 9:48,"149,380"
Jun-22,경원선,1916,소요산,"32,659","25,998","62,990","56,806",2022-07-03 9:48,"178,453"
Jun-22,안산선,1751,산본,"359,032","390,815","96,111","97,585",2022-07-03 9:48,"943,543"
Jun-22,안산선,1752,대야미,"115,661","101,472","31,430","29,712",2022-07-03 9:48,"278,275"
Jun-22,안산선,1753,반월,"95,977","91,407","30,641","30,184",2022-07-03 9:48,"248,209"
Jun-22,안산선,1754,상록수,"387,201","386,180","70,305","71,022",2022-07-03 9:48,"914,708"
Jun-22,안산선,1755,한대앞,"233,984","232,731","43,085","44,000",2022-07-03 9:48,"553,800"
Jun-22,안산선,1756,중앙,"469,048","489,102","60,411","59,186",2022-07-03 9:48,"1,077,747"
Jun-22,안산선,1757,고잔,"216,679","207,881","35,708","34,448",2022-07-03 9:48,"494,716"
Jun-22,안산선,1758,초지,"123,697","126,235","16,756","16,964",2022-07-03 9:48,"283,652"
Jun-22,안산선,1759,안산,"310,877","288,386","37,615","34,948",2022-07-03 9:48,"671,826"
Jun-22,안산선,1760,신길온천,"43,426","38,931","10,627","10,419",2022-07-03 9:48,"103,403"
Jun-22,안산선,1761,정왕,"236,179","241,593","27,201","28,318",2022-07-03 9:48,"533,291"
Jun-22,안산선,1762,오이도,"217,475","212,393","38,594","38,030",2022-07-03 9:48,"506,492"
Jun-22,안산선,1763,수리산,"88,143","70,670","30,500","29,178",2022-07-03 9:48,"218,491"
Jun-22,과천선,1450,선바위,"191,723","166,468","36,686","35,698",2022-07-03 9:48,"430,575"
Jun-22,과천선,1451,경마공원,"108,415","112,032","66,918","67,508",2022-07-03 9:48,"354,873"
Jun-22,과천선,1452,대공원,"84,216","87,797","53,645","54,695",2022-07-03 9:48,"280,353"
Jun-22,과천선,1453,과천,"142,410","129,672","43,036","41,222",2022-07-03 9:48,"356,340"
Jun-22,과천선,1454,정부과천청사,"238,562","235,646","51,966","51,073",2022-07-03 9:48,"577,247"
Jun-22,과천선,1455,인덕원,"569,848","580,189","110,513","113,800",2022-07-03 9:48,"1,374,350"
Jun-22,과천선,1456,평촌,"407,902","399,446","63,013","62,875",2022-07-03 9:48,"933,236"
Jun-22,과천선,1457,범계,"638,894","636,905","105,866","103,725",2022-07-03 9:48,"1,485,390"
Jun-22,분당선,1023,선릉,"297,312","463,451","40,972","55,119",2022-07-03 9:48,"856,854"
Jun-22,분당선,1024,한티,"348,712","367,484","64,376","65,724",2022-07-03 9:48,"846,296"
Jun-22,분당선,1025,도곡,"149,354","146,904","46,048","43,836",2022-07-03 9:48,"386,142"
Jun-22,분당선,1026,구룡,"46,764","44,023","15,577","15,025",2022-07-03 9:48,"121,389"
Jun-22,분당선,1027,개포동,"83,558","85,056","25,880","26,032",2022-07-03 9:48,"220,526"
Jun-22,분당선,1028,대모산입구,"96,083","86,455","30,317","30,312",2022-07-03 9:48,"243,167"
Jun-22,분당선,1030,수서,"335,226","344,695","64,553","66,238",2022-07-03 9:48,"810,712"
Jun-22,분당선,1846,수원,"207,895","176,546","31,207","28,303",2022-07-03 9:48,"443,951"
Jun-22,분당선,1847,서울숲,"298,207","309,583","31,163","30,114",2022-07-03 9:48,"669,067"
Jun-22,분당선,1848,압구정로데오,"496,552","574,971","44,118","42,246",2022-07-03 9:48,"1,157,887"
Jun-22,분당선,1849,강남구청,"215,461","252,201","36,440","39,719",2022-07-03 9:48,"543,821"
Jun-22,분당선,1850,선정릉,"168,879","182,063","28,915","27,871",2022-07-03 9:48,"407,728"
Jun-22,분당선,1851,가천대,"224,322","244,035","27,051","28,216",2022-07-03 9:48,"523,624"
Jun-22,분당선,1852,태평,"295,640","271,741","89,347","92,606",2022-07-03 9:48,"749,334"
Jun-22,분당선,1853,모란,"428,069","423,807","167,357","179,959",2022-07-03 9:48,"1,199,192"
Jun-22,분당선,1854,야탑,"577,537","607,623","153,849","153,994",2022-07-03 9:48,"1,493,003"
Jun-22,분당선,1855,서현,"573,521","589,565","118,568","112,990",2022-07-03 9:48,"1,394,644"
Jun-22,분당선,1856,수내,"300,402","291,975","74,201","70,526",2022-07-03 9:48,"737,104"
Jun-22,분당선,1857,정자,"421,184","440,230","68,168","68,019",2022-07-03 9:48,"997,601"
Jun-22,분당선,1858,미금,"326,281","344,619","101,803","108,930",2022-07-03 9:48,"881,633"
Jun-22,분당선,1859,오리,"251,599","204,293","70,270","60,036",2022-07-03 9:48,"586,198"
Jun-22,분당선,1860,이매,"128,372","118,305","39,064","38,918",2022-07-03 9:48,"324,659"
Jun-22,분당선,1861,보정,"54,832","46,622","19,989","18,865",2022-07-03 9:48,"140,308"
Jun-22,분당선,1862,죽전,"320,398","353,922","68,065","73,204",2022-07-03 9:48,"815,589"
Jun-22,분당선,1863,구성,"105,699","111,670","36,936","37,074",2022-07-03 9:48,"291,379"
Jun-22,분당선,1864,신갈,"97,186","95,853","28,793","29,042",2022-07-03 9:48,"250,874"
Jun-22,분당선,1865,기흥,"241,391","226,304","41,849","40,727",2022-07-03 9:48,"550,271"
Jun-22,분당선,1866,상갈,"122,636","119,237","31,750","30,732",2022-07-03 9:48,"304,355"
Jun-22,분당선,1867,청명,"101,837","97,796","18,910","19,041",2022-07-03 9:48,"237,584"
Jun-22,분당선,1868,영통,"208,324","212,761","28,573","28,708",2022-07-03 9:48,"478,366"
Jun-22,분당선,1869,망포,"363,474","341,440","36,655","35,223",2022-07-03 9:48,"776,792"
Jun-22,분당선,1870,매탄권선,"127,062","120,720","20,048","19,533",2022-07-03 9:48,"287,363"
Jun-22,분당선,1871,수원시청,"322,153","354,078","43,092","43,907",2022-07-03 9:48,"763,230"
Jun-22,분당선,1872,매교,"67,978","67,635","18,155","18,331",2022-07-03 9:48,"172,099"
Jun-22,일산선,1948,원흥,"253,334","236,733","58,446","56,024",2022-07-03 9:48,"604,537"
Jun-22,일산선,1950,삼송,"461,637","437,990","95,334","96,607",2022-07-03 9:48,"1,091,568"
Jun-22,일산선,1951,원당,"238,222","217,830","78,227","76,713",2022-07-03 9:48,"610,992"
Jun-22,일산선,1952,화정,"363,654","368,594","109,034","111,402",2022-07-03 9:48,"952,684"
Jun-22,일산선,1953,대곡,"48,933","38,130","12,329","11,475",2022-07-03 9:48,"110,867"
Jun-22,일산선,1954,백석,"205,898","205,044","68,326","66,962",2022-07-03 9:48,"546,230"
Jun-22,일산선,1955,마두,"145,132","146,946","62,387","63,831",2022-07-03 9:48,"418,296"
Jun-22,일산선,1956,정발산,"160,933","169,916","50,695","47,669",2022-07-03 9:48,"429,213"
Jun-22,일산선,1957,주엽,"176,379","170,450","83,084","86,648",2022-07-03 9:48,"516,561"
Jun-22,일산선,1958,대화,"290,973","225,166","79,752","73,642",2022-07-03 9:48,"669,533"
Jun-22,중앙선,1015,회기,"597,740","572,831","121,604","119,310",2022-07-03 9:48,"1,411,485"
Jun-22,중앙선,1201,중랑,"115,112","106,287","47,960","46,789",2022-07-03 9:48,"316,148"
Jun-22,중앙선,1202,상봉(시외버스터미널),"130,113","131,490","38,833","37,978",2022-07-03 9:48,"338,414"
Jun-22,중앙선,1203,망우,"157,823","150,239","70,137","71,292",2022-07-03 9:48,"449,491"
Jun-22,중앙선,1204,양원,"65,176","61,681","20,766","20,700",2022-07-03 9:48,"168,323"
Jun-22,중앙선,1205,구리,"301,319","305,116","80,512","81,166",2022-07-03 9:48,"768,113"
Jun-22,중앙선,1206,도농,"248,762","222,495","65,180","63,074",2022-07-03 9:48,"599,511"
Jun-22,중앙선,1207,양정,"13,353","10,920","8,004","7,087",2022-07-03 9:48,"39,364"
Jun-22,중앙선,1208,덕소,"117,392","117,378","44,272","43,829",2022-07-03 9:48,"322,871"
Jun-22,중앙선,1209,도심,"51,755","38,500","18,705","17,600",2022-07-03 9:48,"126,560"
Jun-22,중앙선,1210,팔당,"23,038","24,414","9,401","9,398",2022-07-03 9:48,"66,251"
Jun-22,중앙선,1211,운길산,"18,762","17,916","13,722","14,160",2022-07-03 9:48,"64,560"
Jun-22,중앙선,1212,양수,"41,026","40,223","25,756","25,479",2022-07-03 9:48,"132,484"
Jun-22,중앙선,1213,신원,"3,713","3,154","3,699","3,140",2022-07-03 9:48,"13,706"
Jun-22,중앙선,1214,국수,"14,068","13,581","9,537","9,667",2022-07-03 9:48,"46,853"
Jun-22,중앙선,1215,아신,"11,932","12,015","6,742","6,559",2022-07-03 9:48,"37,248"
Jun-22,중앙선,1216,오빈,"5,612","5,449","4,540","4,518",2022-07-03 9:48,"20,119"
Jun-22,중앙선,1217,양평,"62,394","62,167","32,158","32,886",2022-07-03 9:48,"189,605"
Jun-22,중앙선,1218,원덕,"5,854","5,749","6,959","6,739",2022-07-03 9:48,"25,301"
Jun-22,중앙선,1219,용문,"34,168","34,477","38,467","38,202",2022-07-03 9:48,"145,314"
Jun-22,장항선,1401,봉명,"25,312","24,607","10,502","10,076",2022-07-03 9:48,"70,497"
Jun-22,장항선,1402,쌍용(나사렛대),"60,089","55,709","13,329","12,594",2022-07-03 9:48,"141,721"
Jun-22,장항선,1403,아산,"99,744","87,686","12,324","11,492",2022-07-03 9:48,"211,246"
Jun-22,장항선,1404,탕정,"22,918","20,209","3,772","3,605",2022-07-03 9:48,"50,504"
Jun-22,장항선,1405,배방,"28,391","28,018","7,331","7,146",2022-07-03 9:48,"70,886"
Jun-22,장항선,1407,온양온천,"79,529","81,655","45,460","46,284",2022-07-03 9:48,"252,928"
Jun-22,장항선,1408,신창(순천향대),"49,799","47,596","6,946","6,411",2022-07-03 9:48,"110,752"
Jun-22,경의선,1252,신촌,"19,185","25,151","3,458","3,987",2022-07-03 9:48,"51,781"
Jun-22,경의선,1261,효창공원앞,"67,827","76,524","13,735","15,273",2022-07-03 9:48,"173,359"
Jun-22,경의선,1263,서강대,"51,516","51,293","11,281","10,588",2022-07-03 9:48,"124,678"
Jun-22,경의선,1265,가좌,"116,008","107,266","42,746","42,993",2022-07-03 9:48,"309,013"
Jun-22,경의선,1267,수색,"61,567","65,049","14,784","14,615",2022-07-03 9:48,"156,015"
Jun-22,경의선,1268,화전,"57,133","52,539","10,151","9,731",2022-07-03 9:48,"129,554"
Jun-22,경의선,1269,강매,"73,142","62,283","18,111","17,232",2022-07-03 9:48,"170,768"
Jun-22,경의선,1270,행신,"196,544","194,904","34,426","35,127",2022-07-03 9:48,"461,001"
Jun-22,경의선,1271,능곡,"81,372","74,675","29,268","28,594",2022-07-03 9:48,"213,909"
Jun-22,경의선,1272,곡산,"12,456","13,230","5,454","5,570",2022-07-03 9:48,"36,710"
Jun-22,경의선,1273,백마,"161,662","153,029","32,939","33,008",2022-07-03 9:48,"380,638"
Jun-22,경의선,1274,풍산,"128,739","118,525","35,476","34,640",2022-07-03 9:48,"317,380"
Jun-22,경의선,1275,일산,"213,580","206,084","58,248","58,292",2022-07-03 9:48,"536,204"
Jun-22,경의선,1276,탄현,"183,530","170,752","39,104","38,047",2022-07-03 9:48,"431,433"
Jun-22,경의선,1277,야당,"192,930","193,976","36,246","35,127",2022-07-03 9:48,"458,279"
Jun-22,경의선,1278,운정,"159,717","145,098","38,692","37,847",2022-07-03 9:48,"381,354"
Jun-22,경의선,1279,금릉,"116,417","112,014","26,013","26,117",2022-07-03 9:48,"280,561"
Jun-22,경의선,1280,금촌,"148,316","145,442","44,460","44,745",2022-07-03 9:48,"382,963"
Jun-22,경의선,1282,월롱,"70,245","66,395","8,662","9,516",2022-07-03 9:48,"154,818"
Jun-22,경의선,1283,파주,"30,692","21,240","6,919","5,764",2022-07-03 9:48,"64,615"
Jun-22,경의선,1284,문산,"117,524","115,326","41,665","41,552",2022-07-03 9:48,"316,067"
Jun-22,경의선,1291,서울역,"98,704","125,284","15,532","18,591",2022-07-03 9:48,"258,111"
Jun-22,경의선,1292,공덕,"88,533","76,568","13,809","13,657",2022-07-03 9:48,"192,567"
Jun-22,경의선,1293,홍대입구,"50,306","61,293","5,116","5,734",2022-07-03 9:48,"122,449"
Jun-22,경의선,1294,디지털미디어시티,"65,942","59,425","11,972","11,717",2022-07-03 9:48,"149,056"
Jun-22,경춘선,1311,신내,"45,487","42,574","16,903","16,202",2022-07-03 9:48,"121,166"
Jun-22,경춘선,1312,갈매,"64,470","54,070","19,963","18,543",2022-07-03 9:48,"157,046"
Jun-22,경춘선,1313,별내,"70,289","65,680","21,310","20,149",2022-07-03 9:48,"177,428"
Jun-22,경춘선,1314,퇴계원,"74,145","66,219","27,678","26,739",2022-07-03 9:48,"194,781"
Jun-22,경춘선,1315,사릉,"53,766","51,214","16,396","16,621",2022-07-03 9:48,"137,997"
Jun-22,경춘선,1316,금곡,"29,402","28,016","16,117","15,724",2022-07-03 9:48,"89,259"
Jun-22,경춘선,1317,평내호평,"134,819","132,462","45,275","43,265",2022-07-03 9:48,"355,821"
Jun-22,경춘선,1318,천마산,"32,182","28,745","18,637","18,696",2022-07-03 9:48,"98,260"
Jun-22,경춘선,1319,마석,"85,306","82,964","34,265","34,463",2022-07-03 9:48,"236,998"
Jun-22,경춘선,1320,대성리,"29,820","29,420","6,890","6,432",2022-07-03 9:48,"72,562"
Jun-22,경춘선,1321,청평,"41,830","40,602","19,172","19,159",2022-07-03 9:48,"120,763"
Jun-22,경춘선,1322,상천,"5,909","5,083","5,712","5,580",2022-07-03 9:48,"22,284"
Jun-22,경춘선,1323,가평,"53,241","54,246","18,495","18,342",2022-07-03 9:48,"144,324"
Jun-22,경춘선,1324,굴봉산,"3,822","3,481","2,930","2,875",2022-07-03 9:48,"13,108"
Jun-22,경춘선,1326,강촌,"13,133","11,751","5,476","5,804",2022-07-03 9:48,"36,164"
Jun-22,경춘선,1327,김유정,"8,012","9,126","4,595","4,906",2022-07-03 9:48,"26,639"
Jun-22,경춘선,1328,남춘천,"62,255","62,278","27,067","28,950",2022-07-03 9:48,"180,550"
Jun-22,경춘선,1329,춘천,"36,778","32,144","19,793","15,475",2022-07-03 9:48,"104,190"
Jun-22,수인선,1873,고색,"108,276","102,845","16,193","14,939",2022-07-03 9:48,"242,253"
Jun-22,수인선,1874,오목천,"86,945","76,936","13,918","13,562",2022-07-03 9:48,"191,361"
Jun-22,수인선,1875,어천,"18,864","18,860","5,381","6,086",2022-07-03 9:48,"49,191"
Jun-22,수인선,1876,야목,"9,232","6,615","2,826","2,223",2022-07-03 9:48,"20,896"
Jun-22,수인선,1877,사리,"120,693","103,213","18,755","17,561",2022-07-03 9:48,"260,222"
Jun-22,수인선,1879,월곶,"65,846","61,134","16,230","16,574",2022-07-03 9:48,"159,784"
Jun-22,수인선,1880,소래포구,"113,106","105,406","76,920","74,278",2022-07-03 9:48,"369,710"
Jun-22,수인선,1881,인천논현,"124,677","134,177","31,300","31,588",2022-07-03 9:48,"321,742"
Jun-22,수인선,1882,호구포,"92,652","95,710","21,199","20,901",2022-07-03 9:48,"230,462"
Jun-22,수인선,1883,남동인더스파크,"49,040","55,200","6,470","6,396",2022-07-03 9:48,"117,106"
Jun-22,수인선,1884,원인재,"97,067","101,253","30,573","31,146",2022-07-03 9:48,"260,039"
Jun-22,수인선,1885,연수,"107,978","106,255","28,931","29,046",2022-07-03 9:48,"272,210"
Jun-22,수인선,1886,송도,"50,107","46,152","21,238","21,038",2022-07-03 9:48,"138,535"
Jun-22,수인선,1888,인하대,"151,999","143,244","26,858","25,980",2022-07-03 9:48,"348,081"
Jun-22,수인선,1889,숭의,"83,693","76,469","28,499","27,292",2022-07-03 9:48,"215,953"
Jun-22,수인선,1890,신포,"40,649","40,709","13,520","13,742",2022-07-03 9:48,"108,620"
Jun-22,수인선,1891,인천,"21,482","38,853","13,294","17,696",2022-07-03 9:48,"91,325"
Jun-22,경강선,1501,판교,"125,119","124,686","14,993","13,379",2022-07-03 9:48,"278,177"
Jun-22,경강선,1502,이매,"26,783","21,736","6,928","6,154",2022-07-03 9:48,"61,601"
Jun-22,경강선,1503,삼동,"55,991","49,649","12,392","12,494",2022-07-03 9:48,"130,526"
Jun-22,경강선,1504,경기광주,"190,589","177,572","31,906","31,683",2022-07-03 9:48,"431,750"
Jun-22,경강선,1505,초월,"77,224","72,073","14,852","14,487",2022-07-03 9:48,"178,636"
Jun-22,경강선,1506,곤지암,"53,100","53,627","14,475","14,940",2022-07-03 9:48,"136,142"
Jun-22,경강선,1507,신둔도예촌,"39,026","35,799","8,148","7,991",2022-07-03 9:48,"90,964"
Jun-22,경강선,1508,이천,"67,725","70,985","13,688","14,344",2022-07-03 9:48,"166,742"
Jun-22,경강선,1509,부발,"56,147","54,841","9,728","9,451",2022-07-03 9:48,"130,167"
Jun-22,경강선,1510,세종대왕릉,"7,251","7,288","3,753","3,820",2022-07-03 9:48,"22,112"
Jun-22,경강선,1511,여주,"59,476","61,159","17,632","17,751",2022-07-03 9:48,"156,018"
Jun-22,5호선,2511,방화,"137,937","131,714","49,752","48,419",2022-07-03 9:48,"367,822"
Jun-22,5호선,2512,개화산,"118,771","110,938","38,789","38,540",2022-07-03 9:48,"307,038"
Jun-22,5호선,2513,김포공항,"199,130","193,829","34,763","37,477",2022-07-03 9:48,"465,199"
Jun-22,5호선,2514,송정,"136,851","126,007","48,886","47,142",2022-07-03 9:48,"358,886"
Jun-22,5호선,2515,마곡,"238,588","242,865","39,413","37,524",2022-07-03 9:48,"558,390"
Jun-22,5호선,2516,발산,"467,462","496,130","92,633","90,421",2022-07-03 9:48,"1,146,646"
Jun-22,5호선,2517,우장산,"317,635","305,279","86,822","89,488",2022-07-03 9:48,"799,224"
Jun-22,5호선,2518,화곡,"645,975","591,942","139,941","134,351",2022-07-03 9:48,"1,512,209"
Jun-22,5호선,2519,까치산,"656,560","612,015","149,154","149,272",2022-07-03 9:48,"1,567,001"
Jun-22,5호선,2520,신정(은행정),"318,806","251,237","63,009","61,340",2022-07-03 9:48,"694,392"
Jun-22,5호선,2521,목동,"388,417","411,154","78,327","78,969",2022-07-03 9:48,"956,867"
Jun-22,5호선,2522,오목교(목동운동장앞),"516,502","554,922","81,823","81,101",2022-07-03 9:48,"1,234,348"
Jun-22,5호선,2523,양평,"166,799","163,443","27,403","27,120",2022-07-03 9:48,"384,765"
Jun-22,5호선,2524,영등포구청,"85,379","88,392","19,598","18,910",2022-07-03 9:48,"212,279"
Jun-22,5호선,2525,영등포시장,"219,389","228,240","68,873","70,470",2022-07-03 9:48,"586,972"
Jun-22,5호선,2526,신길,"103,322","108,955","11,316","11,469",2022-07-03 9:48,"235,062"
Jun-22,5호선,2527,여의도,"665,599","721,399","49,615","47,284",2022-07-03 9:48,"1,483,897"
Jun-22,5호선,2528,여의나루,"325,430","366,502","30,970","30,241",2022-07-03 9:48,"753,143"
Jun-22,5호선,2529,마포,"320,255","328,896","58,381","58,213",2022-07-03 9:48,"765,745"
Jun-22,5호선,2530,공덕,"331,260","354,164","43,794","41,124",2022-07-03 9:48,"770,342"
Jun-22,5호선,2531,애오개,"143,394","142,326","36,127","35,373",2022-07-03 9:48,"357,220"
Jun-22,5호선,2532,충정로(경기대입구),"104,057","104,666","13,501","13,911",2022-07-03 9:48,"236,135"
Jun-22,5호선,2533,서대문,"434,438","443,079","63,000","58,813",2022-07-03 9:48,"999,330"
Jun-22,5호선,2534,광화문(세종문화회관),"741,243","789,305","77,906","76,586",2022-07-03 9:48,"1,685,040"
Jun-22,5호선,2535,종로3가,"296,871","289,344","93,558","95,413",2022-07-03 9:48,"775,186"
Jun-22,5호선,2536,을지로4가,"120,818","127,499","40,283","40,474",2022-07-03 9:48,"329,074"
Jun-22,5호선,2537,동대문역사문화공원(DDP),"64,460","76,638","7,704","8,851",2022-07-03 9:48,"157,653"
Jun-22,5호선,2538,청구,"84,367","79,434","24,090","19,050",2022-07-03 9:48,"206,941"
Jun-22,5호선,2539,신금호,"141,818","143,287","37,120","41,435",2022-07-03 9:48,"363,660"
Jun-22,5호선,2540,행당,"178,493","155,453","47,278","42,502",2022-07-03 9:48,"423,726"
Jun-22,5호선,2541,왕십리(성동구청),"103,709","126,053","22,891","22,817",2022-07-03 9:48,"275,470"
Jun-22,5호선,2542,마장,"118,486","110,319","37,397","36,300",2022-07-03 9:48,"302,502"
Jun-22,5호선,2543,답십리,"353,733","315,908","77,143","74,216",2022-07-03 9:48,"821,000"
Jun-22,5호선,2544,장한평,"407,658","401,162","86,654","88,010",2022-07-03 9:48,"983,484"
Jun-22,5호선,2545,군자(능동),"274,190","303,905","39,588","41,824",2022-07-03 9:48,"659,507"
Jun-22,5호선,2546,아차산(어린이대공원후문),"331,226","315,107","94,520","92,326",2022-07-03 9:48,"833,179"
Jun-22,5호선,2547,광나루(장신대),"317,440","288,208","68,509","65,310",2022-07-03 9:48,"739,467"
Jun-22,5호선,2548,천호(풍납토성),"405,207","396,711","126,498","129,085",2022-07-03 9:48,"1,057,501"
Jun-22,5호선,2549,강동,"401,850","383,768","106,498","104,223",2022-07-03 9:48,"996,339"
Jun-22,5호선,2550,길동,"152,853","157,683","70,176","71,528",2022-07-03 9:48,"452,240"
Jun-22,5호선,2551,굽은다리(강동구민회관앞),"200,198","192,291","70,188","65,187",2022-07-03 9:48,"527,864"
Jun-22,5호선,2552,명일,"179,275","182,564","67,370","69,692",2022-07-03 9:48,"498,901"
Jun-22,5호선,2553,고덕,"198,900","195,767","66,249","65,361",2022-07-03 9:48,"526,277"
Jun-22,5호선,2554,상일동,"322,673","291,473","86,687","83,098",2022-07-03 9:48,"783,931"
Jun-22,5호선,2555,둔촌동,"167,340","166,992","59,408","59,814",2022-07-03 9:48,"453,554"
Jun-22,5호선,2556,올림픽공원(한국체대),"96,730","85,772","35,996","32,363",2022-07-03 9:48,"250,861"
Jun-22,5호선,2557,방이,"156,076","160,005","44,409","43,805",2022-07-03 9:48,"404,295"
Jun-22,5호선,2558,오금,"81,307","82,528","19,359","19,010",2022-07-03 9:48,"202,204"
Jun-22,5호선,2559,개롱,"132,094","136,810","46,672","47,915",2022-07-03 9:48,"363,491"
Jun-22,5호선,2560,거여,"220,589","209,411","62,384","60,626",2022-07-03 9:48,"553,010"
Jun-22,5호선,2561,마천,"149,661","140,271","53,931","55,648",2022-07-03 9:48,"399,511"
Jun-22,5호선,2562,강일,"93,872","89,536","32,872","32,441",2022-07-03 9:48,"248,721"
Jun-22,5호선,2563,미사,"385,516","388,562","73,761","73,977",2022-07-03 9:48,"921,816"
Jun-22,5호선,2564,하남풍산,"92,933","91,808","24,795","24,546",2022-07-03 9:48,"234,082"
Jun-22,5호선,2565,하남시청(덕풍·신장),"141,102","132,718","62,562","63,314",2022-07-03 9:48,"399,696"
Jun-22,5호선,2566,하남검단산,"131,254","124,310","45,950","45,253",2022-07-03 9:48,"346,767"
Jun-22,6호선,2611,응암,"377,058","369,648","110,739","109,269",2022-07-03 9:48,"966,714"
Jun-22,6호선,2612,역촌,"73,454","90,378","30,472","30,431",2022-07-03 9:48,"224,735"
Jun-22,6호선,2613,불광,"87,650","91,883","39,739","32,947",2022-07-03 9:48,"252,219"
Jun-22,6호선,2614,독바위,"58,299","58,713","18,852","23,301",2022-07-03 9:48,"159,165"
Jun-22,6호선,2616,구산,"169,488","109,419","47,494","49,425",2022-07-03 9:48,"375,826"
Jun-22,6호선,2617,새절(신사),"273,117","246,781","82,899","82,580",2022-07-03 9:48,"685,377"
Jun-22,6호선,2618,증산(명지대앞),"211,934","206,625","67,779","68,291",2022-07-03 9:48,"554,629"
Jun-22,6호선,2619,디지털미디어시티,"330,492","356,712","55,122","55,838",2022-07-03 9:48,"798,164"
Jun-22,6호선,2620,월드컵경기장(성산),"131,988","166,995","54,503","53,948",2022-07-03 9:48,"407,434"
Jun-22,6호선,2621,마포구청,"321,415","282,783","73,988","66,728",2022-07-03 9:48,"744,914"
Jun-22,6호선,2622,망원,"325,156","351,195","74,153","77,023",2022-07-03 9:48,"827,527"
Jun-22,6호선,2623,합정,"355,498","351,209","38,797","35,622",2022-07-03 9:48,"781,126"
Jun-22,6호선,2624,상수,"238,880","282,238","20,087","20,374",2022-07-03 9:48,"561,579"
Jun-22,6호선,2625,광흥창(서강),"200,897","191,623","48,708","48,096",2022-07-03 9:48,"489,324"
Jun-22,6호선,2626,대흥(서강대앞),"187,729","192,572","46,033","45,606",2022-07-03 9:48,"471,940"
Jun-22,6호선,2627,공덕,"421,804","408,327","70,491","65,747",2022-07-03 9:48,"966,369"
Jun-22,6호선,2628,효창공원앞,"163,632","145,885","36,327","33,475",2022-07-03 9:48,"379,319"
Jun-22,6호선,2629,삼각지,"198,420","167,091","19,815","15,143",2022-07-03 9:48,"400,469"
Jun-22,6호선,2630,녹사평(용산구청),"134,274","138,635","16,953","16,182",2022-07-03 9:48,"306,044"
Jun-22,6호선,2631,이태원,"326,397","364,830","29,471","30,740",2022-07-03 9:48,"751,438"
Jun-22,6호선,2632,한강진,"229,720","275,184","15,388","15,240",2022-07-03 9:48,"535,532"
Jun-22,6호선,2633,버티고개,"47,024","44,633","12,937","15,086",2022-07-03 9:48,"119,680"
Jun-22,6호선,2634,약수,"78,048","79,703","22,070","21,142",2022-07-03 9:48,"200,963"
Jun-22,6호선,2635,청구,"80,204","81,175","18,032","20,739",2022-07-03 9:48,"200,150"
Jun-22,6호선,2636,신당,"193,579","201,441","35,133","34,411",2022-07-03 9:48,"464,564"
Jun-22,6호선,2637,동묘앞,"168,680","174,258","64,074","59,484",2022-07-03 9:48,"466,496"
Jun-22,6호선,2638,창신,"80,974","65,766","17,683","16,772",2022-07-03 9:48,"181,195"
Jun-22,6호선,2639,보문,"180,009","161,393","29,077","27,310",2022-07-03 9:48,"397,789"
Jun-22,6호선,2640,안암(고대병원앞),"286,914","287,617","33,552","32,461",2022-07-03 9:48,"640,544"
Jun-22,6호선,2641,고려대(종암),"196,180","188,812","32,642","32,347",2022-07-03 9:48,"449,981"
Jun-22,6호선,2642,월곡(동덕여대),"252,671","244,356","66,010","65,524",2022-07-03 9:48,"628,561"
Jun-22,6호선,2643,상월곡(한국과학기술연구원),"138,207","121,968","38,373","37,406",2022-07-03 9:48,"335,954"
Jun-22,6호선,2644,돌곶이,"206,249","185,970","55,330","53,738",2022-07-03 9:48,"501,287"
Jun-22,6호선,2645,석계,"266,828","278,345","72,263","72,263",2022-07-03 9:48,"689,699"
Jun-22,6호선,2646,태릉입구,"129,913","144,044","29,495","30,226",2022-07-03 9:48,"333,678"
Jun-22,6호선,2647,화랑대(서울여대입구),"273,872","208,423","45,222","40,918",2022-07-03 9:48,"568,435"
Jun-22,6호선,2648,봉화산(서울의료원),"194,212","181,189","46,362","46,105",2022-07-03 9:48,"467,868"
Jun-22,7호선,2711,장암,"54,034","21,483","10,273","7,448",2022-07-03 9:48,"93,238"
Jun-22,7호선,2712,도봉산,"211,537","239,863","50,040","69,336",2022-07-03 9:48,"570,776"
Jun-22,7호선,2713,수락산,"268,036","259,812","93,767","94,833",2022-07-03 9:48,"716,448"
Jun-22,7호선,2714,마들,"276,555","254,646","81,194","80,164",2022-07-03 9:48,"692,559"
Jun-22,7호선,2715,노원,"433,834","461,602","115,026","115,589",2022-07-03 9:48,"1,126,051"
Jun-22,7호선,2716,중계,"310,728","277,462","87,920","84,685",2022-07-03 9:48,"760,795"
Jun-22,7호선,2717,하계,"393,541","364,405","100,055","96,967",2022-07-03 9:48,"954,968"
Jun-22,7호선,2718,공릉(서울과학기술대),"264,075","258,928","67,285","67,726",2022-07-03 9:48,"658,014"
Jun-22,7호선,2719,태릉입구,"206,014","193,802","43,478","40,330",2022-07-03 9:48,"483,624"
Jun-22,7호선,2720,먹골,"219,638","211,213","61,992","62,879",2022-07-03 9:48,"555,722"
Jun-22,7호선,2721,중화,"233,592","225,090","61,330","61,322",2022-07-03 9:48,"581,334"
Jun-22,7호선,2722,상봉(시외버스터미널),"403,700","379,891","69,709","66,623",2022-07-03 9:48,"919,923"
Jun-22,7호선,2723,면목,"338,407","320,312","90,537","93,303",2022-07-03 9:48,"842,559"
Jun-22,7호선,2724,사가정,"353,326","348,449","95,159","94,517",2022-07-03 9:48,"891,451"
Jun-22,7호선,2725,용마산(용마폭포공원),"132,898","125,807","33,940","36,710",2022-07-03 9:48,"329,355"
Jun-22,7호선,2726,중곡,"241,834","219,480","59,338","59,696",2022-07-03 9:48,"580,348"
Jun-22,7호선,2727,군자(능동),"340,350","262,230","75,691","65,363",2022-07-03 9:48,"743,634"
Jun-22,7호선,2728,어린이대공원(세종대),"368,976","371,206","40,723","40,569",2022-07-03 9:48,"821,474"
Jun-22,7호선,2729,건대입구,"319,120","340,821","53,235","48,500",2022-07-03 9:48,"761,676"
Jun-22,7호선,2730,뚝섬유원지,"233,903","220,562","44,385","44,025",2022-07-03 9:48,"542,875"
Jun-22,7호선,2731,청담,"443,677","508,582","72,406","69,584",2022-07-03 9:48,"1,094,249"
Jun-22,7호선,2732,강남구청,"386,235","435,672","48,122","49,289",2022-07-03 9:48,"919,318"
Jun-22,7호선,2733,학동,"550,416","591,040","57,688","54,896",2022-07-03 9:48,"1,254,040"
Jun-22,7호선,2734,논현,"448,807","484,052","43,000","43,169",2022-07-03 9:48,"1,019,028"
Jun-22,7호선,2735,반포,"135,149","131,044","33,067","31,701",2022-07-03 9:48,"330,961"
Jun-22,7호선,2736,고속터미널,"427,392","336,462","72,994","63,184",2022-07-03 9:48,"900,032"
Jun-22,7호선,2737,내방,"317,833","326,793","64,774","62,860",2022-07-03 9:48,"772,260"
Jun-22,7호선,2738,이수,"378,653","365,673","76,743","72,515",2022-07-03 9:48,"893,584"
Jun-22,7호선,2739,남성,"243,331","219,881","68,171","67,044",2022-07-03 9:48,"598,427"
Jun-22,7호선,2740,숭실대입구(살피재),"306,129","304,697","58,250","60,732",2022-07-03 9:48,"729,808"
Jun-22,7호선,2741,상도,"252,596","243,503","58,295","55,636",2022-07-03 9:48,"610,030"
Jun-22,7호선,2742,장승배기,"189,729","181,293","62,106","63,083",2022-07-03 9:48,"496,211"
Jun-22,7호선,2743,신대방삼거리,"342,789","317,778","84,108","85,779",2022-07-03 9:48,"830,454"
Jun-22,7호선,2744,보라매,"191,173","189,775","36,055","36,739",2022-07-03 9:48,"453,742"
Jun-22,7호선,2745,신풍,"253,286","238,146","71,523","71,790",2022-07-03 9:48,"634,745"
Jun-22,7호선,2746,대림(구로구청),"206,724","208,866","36,002","35,005",2022-07-03 9:48,"486,597"
Jun-22,7호선,2747,남구로,"353,174","373,408","58,008","58,297",2022-07-03 9:48,"842,887"
Jun-22,7호선,2748,가산디지털단지,"1,009,940","1,007,531","83,005","78,395",2022-07-03 9:48,"2,178,871"
Jun-22,7호선,2749,철산,"489,956","500,023","96,085","94,902",2022-07-03 9:48,"1,180,966"
Jun-22,7호선,2750,광명사거리,"472,950","459,727","140,254","145,153",2022-07-03 9:48,"1,218,084"
Jun-22,7호선,2751,천왕,"258,209","242,601","54,023","53,500",2022-07-03 9:48,"608,333"
Jun-22,7호선,2752,온수(성공회대입구),"241,127","226,655","38,403","36,323",2022-07-03 9:48,"542,508"
Jun-22,8호선,2811,암사,"416,649","357,608","99,523","98,033",2022-07-03 9:48,"971,813"
Jun-22,8호선,2812,천호(풍납토성),"334,590","400,051","78,936","75,960",2022-07-03 9:48,"889,537"
Jun-22,8호선,2813,강동구청,"217,753","224,803","61,298","61,135",2022-07-03 9:48,"564,989"
Jun-22,8호선,2814,몽촌토성(평화의문),"141,192","146,257","31,843","31,511",2022-07-03 9:48,"350,803"
Jun-22,8호선,2815,잠실(송파구청),"350,963","426,707","67,958","66,751",2022-07-03 9:48,"912,379"
Jun-22,8호선,2816,석촌,"163,957","195,424","47,004","50,564",2022-07-03 9:48,"456,949"
Jun-22,8호선,2817,송파,"180,441","176,649","56,115","55,673",2022-07-03 9:48,"468,878"
Jun-22,8호선,2818,가락시장,"150,139","173,218","57,131","58,036",2022-07-03 9:48,"438,524"
Jun-22,8호선,2819,문정,"483,416","511,533","55,708","55,300",2022-07-03 9:48,"1,105,957"
Jun-22,8호선,2820,장지,"399,632","382,269","76,144","72,135",2022-07-03 9:48,"930,180"
Jun-22,8호선,2821,복정,"227,495","191,396","39,253","35,084",2022-07-03 9:48,"493,228"
Jun-22,8호선,2822,산성,"123,198","121,070","30,483","33,416",2022-07-03 9:48,"308,167"
Jun-22,8호선,2823,남한산성입구(성남법원.검찰청),"318,666","285,209","76,760","73,956",2022-07-03 9:48,"754,591"
Jun-22,8호선,2824,단대오거리,"231,379","220,682","69,833","67,177",2022-07-03 9:48,"589,071"
Jun-22,8호선,2825,신흥,"85,827","94,087","34,426","35,674",2022-07-03 9:48,"250,014"
Jun-22,8호선,2826,수진,"108,793","97,464","44,215","43,280",2022-07-03 9:48,"293,752"
Jun-22,8호선,2827,모란,"84,715","71,396","52,726","40,939",2022-07-03 9:48,"249,776"
Jun-22,8호선,2828,남위례,"123,536","128,852","24,850","25,257",2022-07-03 9:48,"302,495"
Jun-22,9호선,4101,개화,"58,088","40,386","13,349","10,885",2022-07-03 9:48,"122,708"
Jun-22,9호선,4102,김포공항,"221,362","338,456","19,958","24,712",2022-07-03 9:48,"604,488"
Jun-22,9호선,4103,공항시장,"61,253","64,974","23,655","26,026",2022-07-03 9:48,"175,908"
Jun-22,9호선,4104,신방화,"146,256","139,159","44,165","44,364",2022-07-03 9:48,"373,944"
Jun-22,9호선,4105,마곡나루(서울식물원),"308,862","308,986","31,587","30,885",2022-07-03 9:48,"680,320"
Jun-22,9호선,4106,양천향교,"222,424","226,212","43,903","43,588",2022-07-03 9:48,"536,127"
Jun-22,9호선,4107,가양,"456,785","442,530","123,819","120,665",2022-07-03 9:48,"1,143,799"
Jun-22,9호선,4108,증미,"155,665","148,532","39,974","40,828",2022-07-03 9:48,"384,999"
Jun-22,9호선,4109,등촌,"236,111","221,113","76,249","76,573",2022-07-03 9:48,"610,046"
Jun-22,9호선,4110,염창,"415,850","395,867","69,664","68,492",2022-07-03 9:48,"949,873"
Jun-22,9호선,4111,신목동,"96,658","80,987","22,065","20,513",2022-07-03 9:48,"220,223"
Jun-22,9호선,4112,선유도,"202,723","192,069","28,155","27,364",2022-07-03 9:48,"450,311"
Jun-22,9호선,4113,당산,"452,840","457,909","63,561","59,431",2022-07-03 9:48,"1,033,741"
Jun-22,9호선,4114,국회의사당,"354,154","374,340","49,490","43,877",2022-07-03 9:48,"821,861"
Jun-22,9호선,4115,여의도,"690,723","666,985","46,163","42,579",2022-07-03 9:48,"1,446,450"
Jun-22,9호선,4116,샛강,"140,333","137,722","27,516","26,503",2022-07-03 9:48,"332,074"
Jun-22,9호선,4117,노량진,"639,180","628,480","81,621","82,388",2022-07-03 9:48,"1,431,669"
Jun-22,9호선,4118,노들,"101,310","82,659","31,132","28,727",2022-07-03 9:48,"243,828"
Jun-22,9호선,4119,흑석(중앙대입구),"186,994","191,190","53,158","53,327",2022-07-03 9:48,"484,669"
Jun-22,9호선,4120,동작(현충원),"55,475","46,637","23,381","22,664",2022-07-03 9:48,"148,157"
Jun-22,9호선,4121,구반포,"24,759","25,761","10,433","10,260",2022-07-03 9:48,"71,213"
Jun-22,9호선,4122,신반포,"84,871","83,934","21,389","21,521",2022-07-03 9:48,"211,715"
Jun-22,9호선,4123,고속터미널,"357,462","481,223","59,758","69,370",2022-07-03 9:48,"967,813"
Jun-22,9호선,4124,사평,"83,038","78,903","20,979","20,856",2022-07-03 9:48,"203,776"
Jun-22,9호선,4125,신논현,"809,134","806,475","53,113","50,891",2022-07-03 9:48,"1,719,613"
Jun-22,공항철도 1호선,4201,서울역,"253,826","241,692","33,926","29,529",2022-07-03 9:48,"558,973"
Jun-22,공항철도 1호선,4202,공덕,"59,091","80,400","7,498","9,037",2022-07-03 9:48,"156,026"
Jun-22,공항철도 1호선,4203,홍대입구,"313,487","318,979","17,489","16,376",2022-07-03 9:48,"666,331"
Jun-22,공항철도 1호선,4204,디지털미디어시티,"348,960","321,583","24,724","23,397",2022-07-03 9:48,"718,664"
Jun-22,공항철도 1호선,4206,마곡나루(서울식물원),"225,388","219,346","14,374","14,507",2022-07-03 9:48,"473,615"
Jun-22,공항철도 1호선,4207,김포공항,"349,026","187,416","25,964","16,477",2022-07-03 9:48,"578,883"
Jun-22,공항철도 1호선,4208,계양,"274,920","253,928","30,703","28,727",2022-07-03 9:48,"588,278"
Jun-22,공항철도 1호선,4209,검암,"171,187","169,675","16,827","16,966",2022-07-03 9:48,"374,655"
Jun-22,공항철도 1호선,4210,청라국제도시,"187,579","176,893","13,412","13,260",2022-07-03 9:48,"391,144"
Jun-22,공항철도 1호선,4211,운서,"190,716","193,936","28,796","29,051",2022-07-03 9:48,"442,499"
Jun-22,공항철도 1호선,4212,공항화물청사,"51,732","55,958","8,803","8,577",2022-07-03 9:48,"125,070"
Jun-22,공항철도 1호선,4213,인천공항1터미널,"179,603","171,464","21,312","20,779",2022-07-03 9:48,"393,158"
Jun-22,공항철도 1호선,4215,인천공항2터미널,"85,684","76,347","9,455","8,965",2022-07-03 9:48,"180,451"
Jun-22,공항철도 1호선,4217,영종,"77,678","78,250","21,595","21,380",2022-07-03 9:48,"198,903"
Jun-22,9호선2~3단계,4126,언주,"257,411","264,238","27,359","27,012",2022-07-03 9:48,"576,020"
Jun-22,9호선2~3단계,4127,선정릉,"236,514","262,462","24,513","25,298",2022-07-03 9:48,"548,787"
Jun-22,9호선2~3단계,4128,삼성중앙,"165,563","174,475","23,342","23,288",2022-07-03 9:48,"386,668"
Jun-22,9호선2~3단계,4129,봉은사,"464,862","484,512","48,787","46,567",2022-07-03 9:48,"1,044,728"
Jun-22,9호선2~3단계,4130,종합운동장,"108,132","109,097","18,166","16,879",2022-07-03 9:48,"252,274"
Jun-22,9호선2~3단계,4131,삼전,"159,667","150,598","34,322","33,315",2022-07-03 9:48,"377,902"
Jun-22,9호선2~3단계,4132,석촌고분,"140,931","134,701","32,975","33,026",2022-07-03 9:48,"341,633"
Jun-22,9호선2~3단계,4133,석촌,"213,533","186,698","35,140","30,087",2022-07-03 9:48,"465,458"
Jun-22,9호선2~3단계,4134,송파나루,"119,262","128,679","25,668","26,787",2022-07-03 9:48,"300,396"
Jun-22,9호선2~3단계,4135,한성백제,"60,402","54,969","15,470","13,958",2022-07-03 9:48,"144,799"
Jun-22,9호선2~3단계,4136,올림픽공원(한국체대),"189,680","188,598","29,827","30,174",2022-07-03 9:48,"438,279"
Jun-22,9호선2~3단계,4137,둔촌오륜,"24,922","22,361","6,067","6,479",2022-07-03 9:48,"59,829"
Jun-22,9호선2~3단계,4138,중앙보훈병원,"215,744","186,076","73,370","71,732",2022-07-03 9:48,"546,922"
Jun-22,우이신설선,4701,북한산우이,"58,535","53,000","34,504","35,828",2022-07-03 9:48,"181,867"
Jun-22,우이신설선,4702,솔밭공원,"42,482","37,271","28,274","29,651",2022-07-03 9:48,"137,678"
Jun-22,우이신설선,4703,4.19민주묘지,"56,275","54,138","34,889","30,800",2022-07-03 9:48,"176,102"
Jun-22,우이신설선,4704,가오리,"71,753","67,299","46,509","47,920",2022-07-03 9:48,"233,481"
Jun-22,우이신설선,4705,화계,"57,175","49,709","39,978","40,267",2022-07-03 9:48,"187,129"
Jun-22,우이신설선,4706,삼양,"30,870","30,546","25,932","28,366",2022-07-03 9:48,"115,714"
Jun-22,우이신설선,4707,삼양사거리,"36,609","35,727","33,921","33,617",2022-07-03 9:48,"139,874"
Jun-22,우이신설선,4708,솔샘,"123,891","110,373","37,646","38,871",2022-07-03 9:48,"310,781"
Jun-22,우이신설선,4709,북한산보국문,"133,021","119,840","40,912","41,303",2022-07-03 9:48,"335,076"
Jun-22,우이신설선,4710,정릉,"92,057","78,667","44,387","41,146",2022-07-03 9:48,"256,257"
Jun-22,우이신설선,4711,성신여대입구(돈암),"67,796","81,002","27,287","26,506",2022-07-03 9:48,"202,591"
Jun-22,우이신설선,4712,보문,"29,730","29,588","14,052","14,170",2022-07-03 9:48,"87,540"
Jun-22,우이신설선,4713,신설동,"33,246","34,538","26,620","23,942",2022-07-03 9:48,"118,346"
Jun-22,신림선,4401,샛강,"43,697","59,993","13,891","15,172",2022-07-03 9:48,"132,753"
Jun-22,신림선,4402,대방,"39,672","28,181","10,930","8,960",2022-07-03 9:48,"87,743"
Jun-22,신림선,4403,서울지방병무청,"40,443","43,316","16,333","17,686",2022-07-03 9:48,"117,778"
Jun-22,신림선,4404,보라매,"53,622","49,400","17,654","15,021",2022-07-03 9:48,"135,697"
Jun-22,신림선,4405,보라매공원,"33,497","36,733","12,589","14,205",2022-07-03 9:48,"97,024"
Jun-22,신림선,4406,보라매병원,"108,218","113,374","36,471","34,737",2022-07-03 9:48,"292,800"
Jun-22,신림선,4407,당곡,"67,329","63,441","24,803","23,951",2022-07-03 9:48,"179,524"
Jun-22,신림선,4408,신림,"32,979","45,402","14,286","15,472",2022-07-03 9:48,"108,139"
Jun-22,신림선,4409,서원,"54,559","46,712","17,717","17,687",2022-07-03 9:48,"136,675"
Jun-22,신림선,4410,서울대벤처타운,"123,769","120,482","46,688","47,814",2022-07-03 9:48,"338,753"
Jun-22,신림선,4411,관악산(서울대),"55,565","57,858","43,807","44,369",2022-07-03 9:48,"201,599"
